{
	"credit": "Made with Blockbench",
	"texture_size": [56, 56],
	"textures": {
		"1": "Downloads/emptytexture",
		"particle": "hats/logo"
	},
	"elements": [
		{
			"from": [0, -1, 0],
			"to": [16, 5, 16],
			"faces": {
				"north": {"uv": [0, 0, 9.00396, 8.96], "texture": "#1"},
				"east": {"uv": [0, 0, 9.00396, 8.96], "texture": "#1"},
				"south": {"uv": [0, 0, 9.00396, 8.96], "texture": "#1"},
				"west": {"uv": [0, 0, 9.00396, 8.96], "texture": "#1"},
				"up": {"uv": [0, 0, 9.00396, 8.96], "texture": "#1"},
				"down": {"uv": [0, 0, 9.00396, 8.96], "texture": "#1"}
			}
		},
		{
			"from": [0, 0, 16],
			"to": [16, 1, 23],
			"faces": {
				"north": {"uv": [4.54945, 11.16484, 0, 9.14286], "texture": "#1"},
				"east": {"uv": [4.54945, 11.16484, 0, 9.14286], "texture": "#1"},
				"south": {"uv": [4.54945, 11.16484, 0, 9.14286], "texture": "#1"},
				"west": {"uv": [4.54945, 11.16484, 0, 9.14286], "texture": "#1"},
				"up": {"uv": [4.54945, 11.16484, 0, 9.14286], "texture": "#1"},
				"down": {"uv": [4.54945, 11.16484, 0, 9.14286], "texture": "#1"}
			}
		},
		{
			"from": [2, 0, 23],
			"to": [14, 1, 26],
			"faces": {
				"north": {"uv": [8.85714, 12.28571, 12.26923, 12.53846], "texture": "#1"},
				"east": {"uv": [8.85714, 12.28571, 12.26923, 12.53846], "texture": "#1"},
				"south": {"uv": [8.85714, 12.28571, 12.26923, 12.53846], "texture": "#1"},
				"west": {"uv": [8.85714, 12.28571, 12.26923, 12.53846], "texture": "#1"},
				"up": {"uv": [8.85714, 12.28571, 12.26923, 12.53846], "texture": "#1"},
				"down": {"uv": [8.85714, 12.28571, 12.26923, 12.53846], "texture": "#1"}
			}
		}
	],
	"display": {
		"thirdperson_righthand": {
			"rotation": [12, -180, 0],
			"translation": [0, 2, 1],
			"scale": [0.3, 0.3, 0.3]
		},
		"thirdperson_lefthand": {
			"rotation": [12, -180, 0],
			"translation": [0, 2, 1],
			"scale": [0.3, 0.3, 0.3]
		},
		"firstperson_righthand": {
			"rotation": [0, -141, 0],
			"translation": [10.25, 4.25, 0]
		},
		"firstperson_lefthand": {
			"rotation": [0, -141, 0],
			"translation": [10.25, 4.25, 0]
		},
		"head": {
			"rotation": [0, 180, 0],
			"translation": [0, 9, -1],
			"scale": [0.9, 0.9, 0.9]
		}
	}
}