{
	"credit": "Made with Blockbench",
	"parent": "ender_pearl",
	"texture_size": [32, 32],
	"textures": {
		"0": "item/golf_ball",
		"particle": "item/golf_ball"
	},
	"elements": [
		{
			"from": [6, 0, 8],
			"to": [9, 13, 9],
			"faces": {
				"north": {"uv": [0, 0, 1.5, 6.5], "texture": "#0"},
				"east": {"uv": [4, 5.5, 4.5, 12], "texture": "#0"},
				"south": {"uv": [1.5, 0, 3, 6.5], "texture": "#0"},
				"west": {"uv": [4.5, 5.5, 5, 12], "texture": "#0"},
				"up": {"uv": [10, 5, 8.5, 4.5], "texture": "#0"},
				"down": {"uv": [10, 5, 8.5, 5.5], "texture": "#0"}
			}
		},
		{
			"from": [9, 1, 8],
			"to": [11, 12, 9],
			"faces": {
				"north": {"uv": [3, 0, 4, 5.5], "texture": "#0"},
				"east": {"uv": [5, 5.5, 5.5, 11], "texture": "#0"},
				"south": {"uv": [4, 0, 5, 5.5], "texture": "#0"},
				"west": {"uv": [5.5, 5.5, 6, 11], "texture": "#0"},
				"up": {"uv": [10, 0.5, 9, 0], "texture": "#0"},
				"down": {"uv": [10, 0.5, 9, 1], "texture": "#0"}
			}
		},
		{
			"from": [4, 1, 8],
			"to": [6, 12, 9],
			"faces": {
				"north": {"uv": [5, 0, 6, 5.5], "texture": "#0"},
				"east": {"uv": [6, 0, 6.5, 5.5], "texture": "#0"},
				"south": {"uv": [3, 5.5, 4, 11], "texture": "#0"},
				"west": {"uv": [6, 5.5, 6.5, 11], "texture": "#0"},
				"up": {"uv": [10, 1.5, 9, 1], "texture": "#0"},
				"down": {"uv": [10, 1.5, 9, 2], "texture": "#0"}
			}
		},
		{
			"from": [3, 2, 8],
			"to": [4, 11, 9],
			"faces": {
				"north": {"uv": [0, 6.5, 0.5, 11], "texture": "#0"},
				"east": {"uv": [6.5, 0, 7, 4.5], "texture": "#0"},
				"south": {"uv": [0.5, 6.5, 1, 11], "texture": "#0"},
				"west": {"uv": [1, 6.5, 1.5, 11], "texture": "#0"},
				"up": {"uv": [9.5, 3.5, 9, 3], "texture": "#0"},
				"down": {"uv": [9.5, 3.5, 9, 4], "texture": "#0"}
			}
		},
		{
			"from": [11, 2, 8],
			"to": [12, 11, 9],
			"faces": {
				"north": {"uv": [1.5, 6.5, 2, 11], "texture": "#0"},
				"east": {"uv": [2, 6.5, 2.5, 11], "texture": "#0"},
				"south": {"uv": [2.5, 6.5, 3, 11], "texture": "#0"},
				"west": {"uv": [6.5, 4.5, 7, 9], "texture": "#0"},
				"up": {"uv": [9.5, 4.5, 9, 4], "texture": "#0"},
				"down": {"uv": [9.5, 5.5, 9, 6], "texture": "#0"}
			}
		},
		{
			"from": [12, 3, 8],
			"to": [13, 10, 9],
			"faces": {
				"north": {"uv": [7, 0, 7.5, 3.5], "texture": "#0"},
				"east": {"uv": [7, 3.5, 7.5, 7], "texture": "#0"},
				"south": {"uv": [7, 7, 7.5, 10.5], "texture": "#0"},
				"west": {"uv": [7.5, 0, 8, 3.5], "texture": "#0"},
				"up": {"uv": [9.5, 6.5, 9, 6], "texture": "#0"},
				"down": {"uv": [7, 9, 6.5, 9.5], "texture": "#0"}
			}
		},
		{
			"from": [2, 3, 8],
			"to": [3, 10, 9],
			"faces": {
				"north": {"uv": [7.5, 3.5, 8, 7], "texture": "#0"},
				"east": {"uv": [7.5, 7, 8, 10.5], "texture": "#0"},
				"south": {"uv": [8, 0, 8.5, 3.5], "texture": "#0"},
				"west": {"uv": [8, 3.5, 8.5, 7], "texture": "#0"},
				"up": {"uv": [9.5, 7, 9, 6.5], "texture": "#0"},
				"down": {"uv": [9.5, 7, 9, 7.5], "texture": "#0"}
			}
		},
		{
			"from": [1, 5, 8],
			"to": [2, 8, 9],
			"faces": {
				"north": {"uv": [8.5, 5.5, 9, 7], "texture": "#0"},
				"east": {"uv": [8.5, 7, 9, 8.5], "texture": "#0"},
				"south": {"uv": [8, 8.5, 8.5, 10], "texture": "#0"},
				"west": {"uv": [8.5, 8.5, 9, 10], "texture": "#0"},
				"up": {"uv": [9.5, 8, 9, 7.5], "texture": "#0"},
				"down": {"uv": [9.5, 8, 9, 8.5], "texture": "#0"}
			}
		},
		{
			"from": [13, 5, 8],
			"to": [14, 8, 9],
			"faces": {
				"north": {"uv": [8, 7, 8.5, 8.5], "texture": "#0"},
				"east": {"uv": [8.5, 0, 9, 1.5], "texture": "#0"},
				"south": {"uv": [8.5, 1.5, 9, 3], "texture": "#0"},
				"west": {"uv": [8.5, 3, 9, 4.5], "texture": "#0"},
				"up": {"uv": [9.5, 2.5, 9, 2], "texture": "#0"},
				"down": {"uv": [9.5, 2.5, 9, 3], "texture": "#0"}
			}
		}
	],
	"display": {
		"thirdperson_righthand": {
			"translation": [0, 2.75, 0],
			"scale": [0.5, 0.5, 0.5]
		},
		"thirdperson_lefthand": {
			"translation": [0, 2.75, 0],
			"scale": [0.5, 0.5, 0.5]
		},
		"firstperson_righthand": {
			"rotation": [0, 95, 0],
			"translation": [0, 5.25, 0]
		},
		"firstperson_lefthand": {
			"rotation": [0, 95, 0],
			"translation": [0, 5.25, 0]
		},
		"ground": {
			"scale": [0.5, 0.5, 0.5]
		},
		"gui": {
			"translation": [0.75, 1.5, 0]
		},
		"head": {
			"translation": [0.5, 1.75, -8]
		},
		"fixed": {
			"translation": [0.25, 1.75, -1.25]
		}
	}
}