{
	"credit": "Made with Blockbench",
	"texture_size": [32, 32],
	"textures": {
		"0": "blue",
		"particle": "blue"
	},
	"elements": [
		{
			"from": [7, 1, 7],
			"to": [9, 6, 9],
			"faces": {
				"north": {"uv": [4, 0, 5, 3], "texture": "#0"},
				"east": {"uv": [4, 3, 5, 6], "texture": "#0"},
				"south": {"uv": [5, 0, 6, 3], "texture": "#0"},
				"west": {"uv": [5, 3, 6, 6], "texture": "#0"},
				"up": {"uv": [8, 4, 7, 3], "texture": "#0"},
				"down": {"uv": [5, 7, 4, 8], "texture": "#0"}
			}
		},
		{
			"from": [7, 7, 7],
			"to": [9, 23, 9],
			"faces": {
				"north": {"uv": [0, 0, 1, 8], "texture": "#0"},
				"east": {"uv": [1, 0, 2, 8], "texture": "#0"},
				"south": {"uv": [2, 0, 3, 8], "texture": "#0"},
				"west": {"uv": [3, 0, 4, 8], "texture": "#0"},
				"up": {"uv": [8, 5, 7, 4], "texture": "#0"},
				"down": {"uv": [6, 7, 5, 8], "texture": "#0"}
			}
		},
		{
			"from": [7, 6, 5],
			"to": [9, 7, 11],
			"faces": {
				"north": {"uv": [7, 5, 8, 5.5], "texture": "#0"},
				"east": {"uv": [7, 1, 10, 1.5], "texture": "#0"},
				"south": {"uv": [7, 5.5, 8, 6], "texture": "#0"},
				"west": {"uv": [7, 1.5, 10, 2], "texture": "#0"},
				"up": {"uv": [7, 3, 6, 0], "texture": "#0"},
				"down": {"uv": [7, 3, 6, 6], "texture": "#0"}
			}
		},
		{
			"from": [5, 6, 7],
			"to": [11, 7, 9],
			"faces": {
				"north": {"uv": [7, 2, 10, 2.5], "texture": "#0"},
				"east": {"uv": [6, 7, 7, 7.5], "texture": "#0"},
				"south": {"uv": [7, 2.5, 10, 3], "texture": "#0"},
				"west": {"uv": [7, 6, 8, 6.5], "texture": "#0"},
				"up": {"uv": [7, 7, 4, 6], "texture": "#0"},
				"down": {"uv": [10, 0, 7, 1], "texture": "#0"}
			}
		},
		{
			"from": [6, 6, 6],
			"to": [7, 7, 7],
			"faces": {
				"north": {"uv": [7.5, 7, 8, 7.5], "texture": "#0"},
				"east": {"uv": [7.5, 7.5, 8, 8], "texture": "#0"},
				"south": {"uv": [0, 8, 0.5, 8.5], "texture": "#0"},
				"west": {"uv": [0.5, 8, 1, 8.5], "texture": "#0"},
				"up": {"uv": [1.5, 8.5, 1, 8], "texture": "#0"},
				"down": {"uv": [2, 8, 1.5, 8.5], "texture": "#0"}
			}
		},
		{
			"from": [9, 6, 6],
			"to": [10, 7, 7],
			"faces": {
				"north": {"uv": [2, 8, 2.5, 8.5], "texture": "#0"},
				"east": {"uv": [2.5, 8, 3, 8.5], "texture": "#0"},
				"south": {"uv": [3, 8, 3.5, 8.5], "texture": "#0"},
				"west": {"uv": [8, 3, 8.5, 3.5], "texture": "#0"},
				"up": {"uv": [4, 8.5, 3.5, 8], "texture": "#0"},
				"down": {"uv": [8.5, 3.5, 8, 4], "texture": "#0"}
			}
		},
		{
			"from": [9, 6, 9],
			"to": [10, 7, 10],
			"faces": {
				"north": {"uv": [4, 8, 4.5, 8.5], "texture": "#0"},
				"east": {"uv": [8, 4, 8.5, 4.5], "texture": "#0"},
				"south": {"uv": [4.5, 8, 5, 8.5], "texture": "#0"},
				"west": {"uv": [8, 4.5, 8.5, 5], "texture": "#0"},
				"up": {"uv": [5.5, 8.5, 5, 8], "texture": "#0"},
				"down": {"uv": [8.5, 5, 8, 5.5], "texture": "#0"}
			}
		},
		{
			"from": [6, 6, 9],
			"to": [7, 7, 10],
			"faces": {
				"north": {"uv": [7, 6.5, 7.5, 7], "texture": "#0"},
				"east": {"uv": [7, 7, 7.5, 7.5], "texture": "#0"},
				"south": {"uv": [6, 7.5, 6.5, 8], "texture": "#0"},
				"west": {"uv": [6.5, 7.5, 7, 8], "texture": "#0"},
				"up": {"uv": [8, 7, 7.5, 6.5], "texture": "#0"},
				"down": {"uv": [7.5, 7.5, 7, 8], "texture": "#0"}
			}
		}
	],
	"display": {
		"thirdperson_righthand": {
			"translation": [0, 2.25, 0]
		},
		"thirdperson_lefthand": {
			"translation": [0, 2.25, 0]
		},
		"firstperson_righthand": {
			"translation": [0, 0.25, 0]
		},
		"firstperson_lefthand": {
			"translation": [0, 0.25, 0]
		}
	}
}